consensus,Plasmid,log2_median_fluorescence,cell_line,1_A_neg,1_A_low,1_A_high,1_A_top10_5,1_A_top5,1_B_neg,1_B_low,1_B_high,1_B_top10_5,1_B_top5,2_A_neg,2_A_low,2_A_high,2_A_top10_5,2_A_top5,2_B_neg,2_B_low,2_B_high,2_B_top10_5,2_B_top5
AAAATGCTGAGTCAGCATTTT,pD5S52,4.56803206300821,MCF_10A,4.29237719966467,0,0,0,0,2.77458178652194,0,0,0,0,1.56561289653699,0,0,0,0,3.46110765508855,0,0,0,0
AAAATGCTGAGTCAGCATTTT,pD5S52,12.0009735232224,MDA_453,2.25421505584129,5.40775676784775,6.93142218659174,9.24694125299593,9.77512117170108,0,4.78892014302799,7.09944376650012,8.80602743271105,9.0449011855037,7.87309937143062,4.26913523132189,5.52710135433035,7.12567884542905,9.35097576012636,5.68681985467624,0.800084847355068,3.94565747985352,7.20750410818339,8.11905505059474
AAAGGGGC,pD5S33,4.73118321256308,MCF_10A,5.7932543584121,3.75937905235969,9.08930369284372,8.00161791553214,7.29669173462761,5.10029754456448,9.97938995989657,9.39378972838564,9.61527592093673,6.9818617124071,7.23472926651858,7.58140091391315,15.2152030279644,14.4530365844022,11.8872405972075,8.02666831212591,8.88688209413147,15.5846805422989,15.1027559534463,11.5647538700722
AAAGGGGC,pD5S33,4.94579494245467,MDA_453,6.75424729885443,3.41577311699968,4.71136151320667,7.71343608090969,7.78379715291673,7.08731011350664,4.98557037586151,4.61217295790175,7.46070390425946,6.27245586417029,10.2265227806215,3.78912832949704,4.08812765798242,5.5479729634645,8.34712744880721,8.36511940684264,4.53829639895346,4.94617820188917,6.24164919910425,4.92798876837702
AAATGCTGA,pD5S2,4.1874509996574,MCF_10A,6.47380591851621,0,5.87620939694896,0,0,6.03480288440915,0,0,0,0,0,0,0,0,6.17675455294693,7.96054993881784,0,0,0,0
AAATGCTGA,pD5S2,4.31179376209158,MDA_453,6.30665037016816,3.2580248639762,5.37626376230452,6.14215615540379,8.943399457514,0,3.11609588848404,4.56188866869271,4.00715903911735,7.64277890507912,7.75983532612268,5.38985681981698,4.55805303394398,0,5.96901739025214,4.59998896168772,5.67330873784458,2.76849536301336,5.1718943492883,5.61993332113079
AAATTGCTGAGTCAGCATATT,pD5S53,4.73118321256308,MCF_10A,0,0,0,0,0,5.18383569950538,0,0,0,0,8.17880468483763,0,0,0,0,8.24606913494796,0,0,0,0
AAATTGCTGAGTCAGCATATT,pD5S53,12.935351041682,MDA_453,0.425239225406553,4.75363211385198,6.47883467280636,9.69189674533664,10.8530491979448,0,3.62102311459006,6.27898799768107,9.46878882985782,9.41596182649694,0,5.58289506787835,2.69091244542648,6.08639544547467,8.00646276137436,7.02330736411552,5.00587368718267,0.325134533089107,7.60009460713456,9.60213616332848
AACACGTG,pD5S54,5.46956034222116,MCF_10A,0,0,0,0,0,6.12814408445836,2.41365375062416,0,0,0,5.68109767191651,0,0,0,0,7.72672758627989,3.37214917534403,0,0,0
AACACGTG,pD5S54,11.2280189283971,MDA_453,6.97865587000381,8.60972443876716,7.9828554358024,8.9560935540412,10.8847798480853,0.539006726091272,8.22757393131706,7.23398481628302,8.63557051953541,11.0380998939774,5.39010609432908,8.03259961259425,7.10255754313858,8.529193771126,9.82839979265944,0.849413465642023,8.5871130114642,8.1426090779784,9.21380467525971,9.76410437290751
AAGAACATCCTGTTCC,pD5S34,11.9664513240567,MCF_10A,0.914910884990136,11.2467321406457,11.2500596986426,12.9436934048056,13.9053329363892,5.42854406987362,11.9454470378451,12.52029478624,12.9252805398756,13.4631119750333,7.95778350701606,16.1109024194593,15.9013160913498,14.0444179182003,12.4001135517223,1.0789730862015,16.4725988825801,16.4168149753334,14.639141225317,12.7821016093903
AAGAACATCCTGTTCC,pD5S34,12.7020946704393,MDA_453,4.51972362937037,8.89911625538167,10.1742172609965,12.8184559487429,12.5121922223447,0.539006726091272,8.47678625510843,10.1752440039247,12.826231533145,11.7352212127151,1.07475855910767,7.92980285068191,10.1387447632373,11.825452639107,12.396729094836,1.38047264261615,8.96689725841639,9.72932900510208,11.9807873374264,12.3074939415345
AAGTGGGCGTGGCC,pD5S55,7.39102864811929,MCF_10A,5.86624175508733,2.37314659015028,0,0,0,5.90013989087276,0,0,0,0,8.79854949132845,0,0,0,0,9.04835778659098,0,2.59051618745809,0,0
AAGTGGGCGTGGCC,pD5S55,10.3865522640059,MDA_453,0,0,6.02435272548027,9.87528822942533,11.2856082956603,6.17225900200083,4.83045312333718,4.92225471915045,9.70365714287237,10.7059961226006,8.83549541861037,6.06087618135442,5.15227966905162,7.04775446201677,9.32656048134157,0.849413465642023,4.96366109411658,5.12402568251682,5.70884566073186,6.41466041858673
ACATCCGGGT,pD5S35,11.2982372685651,MCF_10A,1.35023813689491,15.3213143665882,9.77591486962555,11.3389269501066,10.7477573626872,6.46991274417767,15.6383439544023,11.255497347787,10.8924955976993,9.61084941733407,0,13.9048595099841,12.8681755640607,10.7193266859166,9.4685656816414,0.63808859573986,14.521736971141,12.9726256427629,11.0566991684454,9.83167313672645
ACATCCGGGT,pD5S35,12.8381245170534,MDA_453,0.425239225406553,9.81945383588115,11.1227568759956,13.602232839461,14.1153104039371,7.19826750842467,9.39309105684482,11.1466383696649,13.4714534491442,13.7327000608487,0,9.51243348197857,10.5327075312739,12.278016312603,14.0267336931284,8.96028094379061,9.89110808028511,10.8058935613392,12.4823398153842,13.6806639507041
ACCCGCAT,pD5S74,4.84247599393712,MCF_10A,6.7626476815337,11.6226222726064,8.66235627192912,0,8.56260923049575,5.88595559069195,11.7066626916947,9.9608995493544,2.71267801089941,0,8.63983465957046,9.67514999744681,10.1893682465802,0,5.60172915098606,5.87901109896015,10.730295033245,8.94622754078,0,0
ACCCGCAT,pD5S74,5.04220651001345,MDA_453,5.37329417692698,0,0,0,0,0,0.853922884968045,0,0,0,7.67646484312539,3.32254169510354,3.88995523577692,0,1.24475476456976,7.74867674341867,5.71970220226909,0.325134533089107,0,1.22544174750446
ACCCGGATGTA,pD5S11,12.4854368758358,MCF_10A,1.68420451254125,15.644501776807,10.5295448763199,11.3243450739491,10.7966389952499,1.60642882380207,15.7921794435591,11.596853857919,10.399764750494,10.7358189742206,0.725387001609383,13.6779957157144,9.5955128955463,9.14098139539895,10.135235941942,0.63808859573986,14.1318391619421,10.6149124273208,9.8276046938859,9.62333277525635
ACCCGGATGTA,pD5S11,13.9256768516657,MDA_453,2.44793272017773,7.60114523971937,10.18749321594,14.4224087475254,15.152405192787,0.930505463830558,7.34413403498866,9.77207161928566,14.062890960282,14.8728833535278,2.11073359179103,6.76885983345586,9.62923385481361,13.1523533859526,14.9201337657561,3.40887746377163,7.28286821481948,9.9835320720799,13.2886166146746,14.9805081826482
AGGGGGCGGGGCCAA,pD5S15,7.80232249278906,MCF_10A,8.05152220612649,8.40784798969419,8.33703123899584,10.7829663189529,9.55037192562873,7.46652570803156,8.04996527910008,9.12504296241651,10.2030288492017,9.22762505954154,5.50549076034719,0,0,0,0,0,2.50515870490524,0,0,0
AGGGGGCGGGGCCAA,pD5S15,9.79080456110469,MDA_453,6.89386611582166,5.25952476792861,4.8684068245535,9.58733065261493,10.8934714616609,6.02949703496719,4.83045312333718,6.19074058542914,9.73737753124326,10.5140448298383,0,3.63922749812098,4.48961052069038,5.85835990579852,5.02258982378885,0,4.30125027476439,5.2634711296514,5.76382853364569,5.99771482782818
AGGTTCAAAGGTCA,pD5S75,4.61058186387743,MDA_453,0,0,0,0,0,0,0,0,0,0,7.93962426782219,2.42376610891426,3.99244146136612,0,0,7.94451346503104,4.20306666127457,0,0,1.22544174750446
AGGTTCAAAGGTCA,pD5S75,4.65191270961988,MCF_10A,2.49790002576433,0,0,2.63458024510856,0,4.27833759751061,0,0,0,2.74416886404359,5.50549076034719,10.4908730792415,7.53297796225461,6.78478536159718,0,0,10.9542675652774,9.61583209106666,0,0
AGTTAATCATTAACT,pD5S21,4.97865320905379,MCF_10A,6.14423796643677,0,0,0,0,4.77043229765057,0,0,0,0,0,0,0,0,0,5.50783502315024,2.50515870490524,0,0,0
AGTTAATCATTAACT,pD5S21,5.16148452177611,MDA_453,5.42024683926935,0,0,0,0,5.10935700462618,0,0,0,0,7.52870681879196,0,0,0,0,7.49662284805886,4.03386108961673,0,0,1.22544174750446
ATTACGCAAT,pD5S56,5.13257676109101,MCF_10A,0,0,0,0,0,4.4031025985963,0,0,0,0,4.79634375874666,0,0,0,0,4.60662987597928,0,0,0,0
ATTACGCAAT,pD5S56,7.95878464901012,MDA_453,5.67378510849561,1.8020331987963,5.99986347999982,7.52293024701562,6.76023262500065,2.2090710673843,2.33257739237491,5.898266176811,7.24598935641665,5.24775595055578,8.52912228210444,4.77963005586445,3.88995523577692,6.96038439297083,7.77343890282213,7.41085921431979,0,5.19543253436172,7.40635306145556,7.5157374306641
ATTTTCCGTAAAAT,pD5S22,5.18982455888002,MDA_453,6.10587580239215,0,0,0,0,3.33047758263453,0,0,0,0,7.25335233236464,0,0,0,0,6.75000586142,1.68867747340515,3.4739492560413,0,0
ATTTTCCGTAAAAT,pD5S22,5.2176184498545,MCF_10A,4.78469127641666,0,0,0,0,0,0,0,0,0,6.03740560190893,0,0,0,0,6.93387911494744,0,0,0,0
CAACCCCTGGGTGTGG,pD5S36,7.18824262003768,MDA_453,5.90594688111229,0,5.19397956846269,7.87445792385902,8.5181417137012,3.86682439105061,0,4.28024856471504,7.86414743128155,8.7440273620543,6.00142088160076,6.5594430919733,5.35824113810535,7.59725096190745,9.13950193737713,8.17809997703855,5.2849094264179,4.31893820483123,8.31733289173052,9.86899645297695
CAACCCCTGGGTGTGG,pD5S36,7.45664180339866,MCF_10A,4.98956948018372,0,5.87620939694896,2.63458024510856,8.87552392338428,3.85183752530331,5.60319381313876,0,0,7.83921287958103,6.18721050561992,9.06686685358843,9.16511228976988,7.98883598248519,4.94137334168925,7.83613092526857,9.20534572767822,8.21609277424327,8.63953532687894,6.80556947547987
CAACGTCCGCGG,pD5S76,5.74254515574468,MCF_10A,0,7.92766245636864,8.86947439409595,0,0,0,7.73527031907316,9.90464972274698,0,0,0,0,0,0,0,0,0,0,0,0
CAACGTCCGCGG,pD5S76,5.7988281306391,MDA_453,0,0,0,0,0,5.4604910607989,0,0,0,0,4.72500485920686,0.3480694223827,0,0,0,3.78955108317645,1.07847682334893,0.814217156022081,0,0
CAAGTGTCACGTGTTACTTG,pD5S57,7.54156128241826,MCF_10A,6.01192549285255,0,0,0,0,4.58970156148227,0,0,0,0,5.85401897808665,0,0,0,0,5.4539282661879,0,0,0,0
CAAGTGTCACGTGTTACTTG,pD5S57,10.2217743552977,MDA_453,6.24929622155791,6.73557820122414,5.46839109818676,7.33536414338027,10.6607701190563,0,3.11609588848404,6.29446875720741,7.03250311400815,10.2952341648074,0,5.39921497967024,5.56085049994438,3.75767128862107,11.0563954084951,7.03217202782171,2.75367455837524,6.20556849675502,6.85547584521182,11.2307381752037
CACCAGGGGGCG,pD5S58,7.73186196993611,MCF_10A,0,0,0,0,0,1.85967117737926,0,0,0,0,9.65566176117281,0,0,0,0,7.06552443654449,0,0,0,0
CACCAGGGGGCG,pD5S58,9.56848813647905,MDA_453,0.425239225406553,4.63027431176811,6.80637715071005,9.39083806317096,9.38425818859294,4.90641907986159,6.07055087013939,6.25545086428514,9.04337132160417,9.20041623717062,5.97628787487959,5.59108454622247,6.97902121068323,8.53760292017587,10.1063081088974,8.45025941353817,6.20600327880115,6.62312889865551,8.5792301487511,10.0529054455109
CACGTGTT,pD5S16,6.31686982715543,MCF_10A,4.47578935459169,0,0,0,0,4.95839253968478,0,0,2.71267801089941,2.74416886404359,5.39782614011474,0,0,0,0,0.63808859573986,0,0,0,0
CACGTGTT,pD5S16,10.9116616142984,MDA_453,1.24560553585933,7.83736952343841,6.85155724604811,7.91028578701006,12.5864343876087,0.539006726091272,6.81795734729943,7.37535610929514,8.53989546939085,12.1306960045043,1.07475855910767,8.07992157614963,7.39535972216705,8.41699005797736,8.25956221207445,7.61345567775247,7.37593506324386,7.70588249895291,8.04506500307156,8.68127611862768
CACTGACGTCA,pD5S77,5.24488698945967,MDA_453,0,0,0,0,0,5.66752035326325,0,0,0,0,5.87113433905845,0.3480694223827,0,0,0,0,0,0,0,0
CACTGACGTCA,pD5S77,5.42256939033038,MCF_10A,5.9040649130894,0,5.75290967477705,8.08702299082252,0,5.37876460520674,0,7.95834413084581,7.06962663570162,6.33629240621181,0,0,0,0,0,7.18063397014225,0,0,0,0
CACTTGA,pD5S23,5.42256939033038,MDA_453,7.60241279514928,3.03298130504096,0.349236984512283,0,0,0,0,0,0,0,8.57588378598428,5.50701943263946,4.02504711875568,0,0,8.34035133422771,5.07887690229051,3.37196394421858,0.592597262954914,0
CACTTGA,pD5S23,5.51506899959066,MCF_10A,5.22977708804153,2.37314659015028,0,0,0,4.49941683095833,0,0,0,0,6.73933159002121,0,0,0,0,3.84301724486602,0,0,0,0
CAGGTCACGGT,pD5S4,4.1874509996574,MDA_453,4.92980909877416,4.42287866638435,6.289761686137,6.71219739699688,8.54486934563953,7.40132793835445,1.77493525765871,4.68445851459077,7.44157761282192,8.75178662217816,8.36453632624705,4.54684551859568,4.72612338736396,1.659772975643,10.3664322949877,9.23055526955945,5.76955898966998,4.3902356424621,5.39727876128995,9.50981275140612
CAGGTCACGGT,pD5S4,4.25096149838113,MCF_10A,5.66064760322935,0,0,0,2.67515819549675,5.96229801599845,0,0,0,0,9.11473775042804,4.5657030172648,0,0,0,5.10332789767346,0,0,0,0
CCACCTGGGT,pD5S78,5.18982455888002,MDA_453,8.4553019113432,3.45265510288287,0.349236984512283,0,0,6.59360856241383,3.91930715855257,0,0,0,5.97628787487959,6.14115332356105,5.657604703686,0,0,8.60085723473625,5.50102222319196,3.87284725889275,0,0
CCACCTGGGT,pD5S78,5.29792505809958,MCF_10A,5.72847403007408,0,0,2.63458024510856,2.67515819549675,6.09152906066451,0,0,0,2.74416886404359,4.22035242258393,12.1846561014117,12.393057327923,9.67522662828085,6.83235344512622,4.00172838122878,12.6426429544847,12.959948093037,9.41901249480009,7.87278311036609
CCACGTGC,pD5S3,6.00315243493834,MCF_10A,3.48319729407768,0,0,0,0,3.9368548060094,0,0,0,0,0,0,0,0,0,0,0,0,2.72309331767161,0
CCACGTGC,pD5S3,11.760553572066,MDA_453,0,5.38885061636726,7.93521913042171,10.2145695512515,9.64528693758749,1.23812372200248,6.85867431545026,7.838369268207,9.7393367511405,11.0570118166812,0,6.68717567159535,7.74767536558027,10.1651778979302,10.4164527317616,0,7.52706934110535,8.28386698666005,10.44693397225,11.1300972509629
CCAGGTCACCCTGACCTTG,pD5S59,4.80632403378698,MDA_453,6.55301459839761,4.22389654732733,4.92152575028314,8.27152256173814,9.49805040193204,0,5.93432680321334,4.70777065182975,7.04522962926839,8.19150054903405,0,0,3.22769984639695,0,2.69580026696901,7.92084257976774,1.60326893294902,2.71395698159273,0,7.37162205637939
CCAGGTCACCCTGACCTTG,pD5S59,4.94579494245467,MCF_10A,5.45032339670847,0,0,0,0,3.90906868431448,0,0,0,0,5.7527718924766,0,0,0,0,7.3768718658306,0,2.59051618745809,0,0
CCCGGAG,pD5S37,5.64356756025788,MCF_10A,6.75675331757438,3.22672379958225,0,10.1307480864287,11.5227530204166,4.93102208164597,0,6.9080117071438,5.95673298824506,12.4668758226515,8.47213230963114,8.0449850270989,7.36402634819165,8.73655346888536,5.41332196591733,7.83613092526857,0,8.33307064454872,7.9184066588818,7.50683716635588
CCCGGAG,pD5S37,5.74254515574468,MDA_453,7.33474816889009,6.35214066642196,5.64459816991172,7.25961322659533,10.1906875735089,7.96394529927872,7.35128536099253,5.32031506244901,8.2467493415997,9.71878492106862,6.42945618830057,6.58836696878333,4.85866300133251,5.93165399414616,9.04913005875346,8.38601591665264,6.97605189942632,6.28721893048364,6.40621768212234,7.94977854594606
CCCTCTAGT,pD5S60,4.8777442312298,MCF_10A,5.66694711117861,2.37314659015028,0,0,0,0,0,0,0,0,8.42628842706032,0,2.61277734305385,0,0,8.93159130856742,0,2.59051618745809,0,0
CCCTCTAGT,pD5S60,5.29792505809958,MDA_453,8.01368084453078,5.31064650000767,5.6835604655376,8.48614325368358,10.7068641249498,7.31367364778183,5.15860282872727,5.64409518008784,7.22377003846984,9.40123693927883,1.07475855910767,6.64846042137942,4.6445342997171,0,7.36958794053345,5.46908778073459,4.89344165683856,2.82104690396911,4.37923302754353,8.28917507579012
CGTTGACGTCAC,pD5S8,5.1135337750811,MDA_453,7.25605059924497,6.5734041542342,0,7.97261570808135,9.89076114901369,0,5.42577011880319,2.68826202217091,7.41240417275971,8.8988033737411,7.232275925464,0,7.12529261861184,0,0,8.2252450037485,0,5.45022256375182,3.60586164152216,0
CGTTGACGTCAC,pD5S8,5.6258549625743,MCF_10A,5.20401666993001,0,0,0,0,4.42288671405133,0,0,0,0,8.67715602802268,0,0,0,0,6.08218972233038,0,0,0,0
CTAGGTCA,pD5S79,4.91217074080544,MCF_10A,0,0,0,3.51347658184803,0,0,0,0,0,0,0,11.8021550214845,10.0290489288114,8.79375486069007,7.10578447949524,7.34760704389479,12.443836463981,10.7598747615598,7.02088016016676,7.90825688943006
CTAGGTCA,pD5S79,5.04220651001345,MDA_453,7.42096391746125,4.38521742048582,0,0,0,5.43049870348551,4.65662594617577,3.3526501758164,0,0,5.66637681150319,4.80801234087604,0,0,0,9.08905020422052,1.98725322574849,0,0,0
CTCCTCCCCTCCCTCCTCCCC,pD5S19,9.86942417067814,MDA_453,0.425239225406553,0.352019376789211,0,2.7867275409871,1.71594828989108,0,2.21205248608749,0,0,3.65088951783262,0,1.5410158239542,0,0,2.69580026696901,0,0.637751791749409,1.46960928354476,1.60019183451697,3.84626298451644
CTCCTCCCCTCCCTCCTCCCC,pD5S19,9.92036771293576,MCF_10A,0,0,0,0,0,0,0,0,0,0,0.725387001609383,0,0,0,0,2.116895528811,0,0,0,0
CTGTGGTTTGT,pD5S61,4.65191270961988,MCF_10A,6.58443329222652,0,0,0,0,7.2003533692263,2.41365375062416,0,0,0,8.15254512677356,0,0,0,0,7.47936662062295,0,0,0,0
CTGTGGTTTGT,pD5S61,5.81711150251403,MDA_453,5.38517637537422,4.86726801120309,4.89521074837715,7.31412381864373,6.87702490320623,7.38578182524182,5.55527332320187,4.39957871345856,5.25243835384905,6.7463397622099,7.78176077625545,6.62870609332281,3.77962803345841,6.82403888837913,8.56105968350193,8.91546928360615,5.51278035561743,5.17538865494971,7.01696026615021,9.04149557348351
CTTAATTAGT,pD5S24,5.16148452177611,MCF_10A,2.49790002576433,0,0,0,0,5.55942857457977,0,0,0,0,8.07427217663342,0,0,0,0,8.01430575023103,0,0,0,0
CTTAATTAGT,pD5S24,5.18982455888002,MDA_453,5.82973817154874,0,1.54458775771728,0,0,4.97035268069353,4.70208534243539,0,0,0,8.20600967772327,2.09567946252838,2.60724798399478,0,0,7.70499628019167,5.21465607666913,4.12356536294664,0,0
GACGTGGGCG,pD5S62,6.09697857204978,MCF_10A,4.58627041456298,0,0,0,0,6.05396050953771,0,0,0,0,7.54846023924679,0,0,0,0,7.18615524642692,0,2.59051618745809,0,0
GACGTGGGCG,pD5S62,9.42088658011413,MDA_453,6.12725819714294,7.80207759415818,8.19457582377548,9.20716747227085,8.78799765416748,6.19026955071424,7.50347496549376,8.41061295930207,9.79690927046127,9.01941486787184,5.66637681150319,6.73968880376812,7.66215709363893,9.51024998487672,10.607157080088,9.08266420673699,5.9316236289264,8.03549095626375,9.65847383936322,10.587470608461
GAGACCATCTGTTCCC,pD5S9,5.33485429114906,MDA_453,3.97638116179005,3.65609911978156,0.349236984512283,7.30338522563255,8.98953006788275,0,3.95729794601692,4.88183328912845,6.87032617165464,9.24507967065834,0,5.70110837228419,8.32058150296207,5.25347083049034,0,6.92202224548162,1.84567564477989,4.61521951777994,0,6.14139311269652
GAGACCATCTGTTCCC,pD5S9,5.44757917637127,MCF_10A,2.75605015078562,0,0,0,0,5.18383569950538,0,2.5270031317706,0,0,5.56643251589633,0,0,0,0,7.69996051363344,0,0,0,0
GAGGGGCGCAGCTGCGCCCCAA,pD5S25,4.43229134844407,MDA_453,4.15355909076846,0,0,0,0,6.35899321276638,1.93581083409915,0,0,0,9.23304117993665,0.628271881253861,0,0,0,0.849413465642023,0,0,0,0
GAGGGGCGCAGCTGCGCCCCAA,pD5S25,4.61058186387743,MCF_10A,0.528797633805012,0,0,0,0,5.50478244677101,0,0,0,0,6.5710934898441,0,0,0,0,2.94020266111103,0,0,0,0
GATTAATTAATTAAGTC,pD5S26,4.91217074080544,MCF_10A,3.64511180982245,0,0,0,0,6.18138107769479,0,0,0,0,0,0,0,0,0,0,0,0,0,0
GATTAATTAATTAAGTC,pD5S26,5.0107798285111,MDA_453,7.27852207918084,4.82569635749288,0,0,0,5.99916758352467,0,0,0,0,8.24861667235758,1.24140146300104,3.04898401365578,0,0,9.45974054196884,1.91820043741928,0,0,0
GCAATTAA,pD5S80,4.65191270961988,MCF_10A,4.59950412141906,7.68547921547561,0,0,0,7.14782470865787,0,0,0,3.63227661046064,7.48147325353661,7.64817267779405,0,7.73993179288506,0,7.84313775348548,9.60251621570198,0,0,2.77290220051964
GCAATTAA,pD5S80,4.73118321256308,MDA_453,6.56351013257522,0,4.37294119129414,0,0,7.77399268100882,1.93581083409915,3.76194758304216,0,0,8.02175992580999,4.66016424592762,3.92493251553349,0,0,7.05844381630187,3.00745270596386,5.87366868785529,0,0
GCACTTAAA,pD5S81,4.91217074080544,MDA_453,6.56351013257522,0.352019376789211,0,0,0,5.68032076740545,0,4.28024856471504,0,0,9.04942557833538,0,0,0,0,7.54077487081506,0,0,0,0
GCACTTAAA,pD5S81,5.24488698945967,MCF_10A,0,6.7773954863204,7.9726681557493,7.67375295617246,0,0,7.33220803633475,10.2305733105525,0,0,6.22550402721495,3.332377819597,0,0,0,7.66479945517757,10.8374332756538,0,0,0
GCACTTCCTGGG,pD5S7,11.0522759137159,MDA_453,1.44040781534185,10.6903849371079,9.07683978023825,11.4838079313723,11.2683372671064,0,10.7177138859119,9.50895252472689,10.9452879167397,10.8593101505642,0,9.47254072867654,8.47606934697568,7.46242081280956,8.11736311475748,4.50129537770612,10.0633961416354,8.73016912177688,8.02832072427722,8.71841948343441
GCACTTCCTGGG,pD5S7,12.4577348097107,MCF_10A,0.528797633805012,14.7465716223792,9.49728994392367,10.726415542245,9.31441628501425,2.17174030364422,14.7662225884296,10.6875953530899,10.6793351376356,6.9818617124071,1.20582298605923,14.6273789880204,10.8677670479159,10.1831667639167,9.71298150749717,0.63808859573986,15.2281208262317,11.6577114876783,10.9666674585918,9.93847524783073
GCCACGCCCA,pD5S63,6.45318822915095,MCF_10A,0,0,0,0,0,5.47666305402688,2.41365375062416,0,0,0,6.69453230707562,0,0,0,0,7.98609646521151,0,0,0,0
GCCACGCCCA,pD5S63,8.46127472022587,MDA_453,0,0.871084838801091,4.94736934775837,9.08395154247661,10.6668665583561,0,0.853922884968045,4.50978825981522,7.88553564854306,10.8081345306817,0,3.8173261760641,3.22769984639695,4.9246455348197,8.84510485779322,8.00879747286859,1.51248420537279,3.50640283301508,4.9993462562299,8.06240130722303
GCCGGAAGCG,pD5S10,11.0003803754751,MDA_453,0.425239225406553,9.76962522473307,8.21599606242482,8.00611414074355,9.1891002838678,0,9.64008678475894,8.31896936579944,8.86464260873611,7.88780667695018,0,7.88054054973859,7.38911087971045,8.03042415085746,7.91935052369389,0,8.63765766366667,8.25670025554751,7.69155803370106,8.29533394141421
GCCGGAAGCG,pD5S10,11.0680661184078,MCF_10A,4.37165088848998,10.1364885951939,0,0,0,0,9.68538282728435,7.12047857819008,0,0,8.45611793535751,13.8941529101992,12.2699194095387,10.0872830555959,9.51619619941478,6.3998527607475,14.3230639578492,12.1822099770642,11.7249970961483,10.9632621167995
GCCGGAAGTG,pD5S1,10.8565811127732,MCF_10A,0.288492224333266,12.0864435469896,7.69969477997957,9.11179831732056,6.90105903112781,0,11.8128796752165,9.63760872788125,0,2.74416886404359,6.5410426395543,0,0,0,0,0,2.50515870490524,6.51438346302533,0,0
GCCGGAAGTG,pD5S1,11.7277928313016,MDA_453,6.14133907014371,8.55459422953597,7.93198674640899,9.10574740898459,8.37652973315675,0,8.26402805428787,8.53963403411525,8.02055236425596,8.80496345824304,0,8.49653490070623,7.46236782086629,6.8885720528035,7.41661221378391,0.849413465642023,8.18669111104679,7.5704658145613,6.8363643780191,7.55733234951604
GCCTCGGGCG,pD5S5,5.36387193554902,MDA_453,6.38566622944369,4.47758894800539,5.87750124117424,0,7.6424552272219,0,4.26052997845919,6.74113225651721,7.52571702357395,7.70804637264209,6.85875724746867,3.54119156701185,15.2350441074973,2.81702362598211,6.55681597849741,6.11166364737177,3.6847353177139,12.369174124679,3.72148394601522,3.37405075915372
GCCTCGGGCG,pD5S5,5.57712659675051,MCF_10A,6.39630584764641,3.22672379958225,6.4529613292871,2.63458024510856,0,6.53498895677485,0,0,2.71267801089941,0,8.59178287199777,0,0,0,5.76834938539623,6.37105505598746,0,4.70684592385341,0,0
GCTCGTAAAAA,pD5S64,4.97865320905379,MCF_10A,6.32639367680646,0,0,0,0,6.45076734294906,0,0,0,0,7.6076498404941,0,0,0,0,0,0,0,0,0
GCTCGTAAAAA,pD5S64,9.09724210229568,MDA_453,4.84631311592451,6.75416420556234,7.28811642952868,9.05543555880804,9.65758488805626,6.51718693499517,5.35638110412821,6.88100266184186,9.33526220091357,9.06372473937361,0,5.83815443021637,5.90539760632488,6.68560843544679,8.65719734202976,0,4.58359786723094,4.26305322635897,7.32184862199123,7.92615918908277
GGAACAGGATGTTCTT,pD5S38,11.3810290507976,MCF_10A,3.05397738605887,15.2577680780976,16.3988294261498,18.346515350393,17.1237646272342,7.29195332959875,15.6693494095941,17.4590762868434,18.1147270550019,17.0301880599023,4.79634375874666,15.5672884754615,15.6617589233002,14.5181287747719,13.2102982750448,1.68932764785172,15.8559112496608,16.0675476467575,15.2514891919357,13.0955984247206
GGAACAGGATGTTCTT,pD5S38,11.6178117976179,MDA_453,1.24560553585933,9.93433292160832,10.8734659830575,12.1442698710224,10.7761787829305,0,10.0661266405955,11.0795290904745,11.5189289526662,10.504891114479,1.07475855910767,9.70772627860119,10.7417898370483,12.0381897756531,11.8779715804238,8.74531885909682,9.77477184749367,10.6573258847688,12.2173822883265,12.0591436245616
GGAAGGAAGGAAGGAAGG,pD5S27,6.58706488920412,MCF_10A,0,0,0,0,0,4.84564999167638,0,0,0,0,0,0,0,0,0,5.70532728932095,0,0,0,0
GGAAGGAAGGAAGGAAGG,pD5S27,7.25682199199861,MDA_453,0,0,0,0,0,5.66752035326325,0,0,0,0,7.52003695135325,6.36779037326226,3.92493251553349,0,0,8.57985026307036,5.29855870562438,1.46960928354476,0,0
GGACATGCCCGGGCATGTCT,pD5S39,6.78581202747631,MCF_10A,1.58123956807536,8.69658207987097,5.3034757941908,8.45148414330186,8.04967042440054,0,5.32026743716514,8.57780086157353,7.52612618201148,0,7.98408126884159,0,6.28080816136094,7.28786330116901,7.48666706995919,5.39792881924883,5.07638060046158,6.05095527441116,8.42111846504035,8.93994476334446
GGACATGCCCGGGCATGTCT,pD5S39,7.40318240081632,MDA_453,5.76754999618415,6.24056994697794,5.42306268649121,8.44276477443258,9.29260753086189,0,5.85604756593659,6.39123662983678,8.92441743840126,8.40336899856754,7.35434919962799,1.78898033771536,5.58291915043373,5.79242939185734,10.3649345269506,7.72700181960944,4.72171282799644,4.60026235471998,6.26088943768192,9.51509980214253
GGCCCCGCCCCCC,pD5S17,9.85416714769196,MCF_10A,0,0,0,0,0,2.50442235411441,0,2.5270031317706,0,0,1.20582298605923,0,0,0,0,0.63808859573986,0,0,0,0
GGCCCCGCCCCCC,pD5S17,10.8658028261112,MDA_453,0.753253907630382,0.634771512788252,0,12.3110217360661,10.8865223649054,3.26400559085784,0.489239177920527,4.53607364087107,12.3852195827191,11.421691455607,0,1.06448607948186,0.788793350689064,2.00846365364503,4.12411239154328,0,0.637751791749409,0,1.01143704538507,0
GGGAATTTCC,pD5S40,7.17057601906856,MDA_453,5.27453995501512,0,6.29982758624288,6.96478185016882,10.2861861002024,6.28549858036729,5.00383788695245,0.504746700964148,4.96158569582158,7.81560812619495,6.84493873433903,4.88995529852008,4.28943145772647,6.94022872321104,9.67488162763956,7.61935031839947,6.99713208376674,5.33749260308248,8.29650669528198,9.16435314883648
GGGAATTTCC,pD5S40,14.2321840445881,MCF_10A,1.47035735759631,14.6967934829582,16.1135513587573,17.0731308581744,16.3023905534734,1.46091703574301,14.7906634636995,16.9669391500571,16.8739748588331,16.0093435304007,1.20582298605923,12.8664729696385,16.1324147670235,17.0368969954098,16.5953924344156,1.68932764785172,12.9865175206657,16.4657571584327,17.6707384751442,16.703467784414
GGGAATTTCCC,pD5S41,6.7095662991526,MDA_453,8.31637702452994,5.97502215197393,4.53510885617977,6.21272068196088,9.37931639148216,4.97035268069353,4.91009550433983,0,5.49437759263801,8.89179768994096,8.13397183472271,6.71367115484302,2.98412894433317,8.15807563950777,9.48937860755947,0,5.54749047919161,4.77026087608687,6.55392119524659,8.89912802826155
GGGAATTTCCC,pD5S41,14.906833954877,MCF_10A,7.6099680079102,13.8006697643648,16.7259826315329,18.6375906621915,18.0015894181906,5.19538443268964,13.6281088149957,17.650007674241,18.4147292769997,17.7922916940684,1.20582298605923,14.1678071237786,16.6780290637086,17.3483332453709,16.9011679089825,2.116895528811,14.5887179807322,17.1539561924,17.9961321507156,17.0532969099115
GGGCATGTCTGGGCATGTCT,pD5S42,6.96046529632783,MCF_10A,7.16326228362192,6.72133792196491,7.76497466124674,0,2.67515819549675,6.89864637131569,5.15484900431566,8.06484494542274,7.83775607589678,7.56301463613293,5.52609203782424,6.94814971873647,7.75425713609932,6.70750957231686,10.2593881775296,6.98545600556374,7.09419826294426,4.96064375424235,10.590389948044,8.86970230471206
GGGCATGTCTGGGCATGTCT,pD5S42,8.30811137442267,MDA_453,7.93906749876642,8.02354626189029,8.49759206755851,10.6848318183391,11.4513544416372,8.086811097068,7.74794685188564,9.08931470499262,10.8360114960847,11.4777401988693,8.09947024161272,7.22072567105918,7.64390309529162,10.1455068273366,10.8641121871539,7.13450514852654,7.83167636927727,6.57421368358559,9.6898678727861,11.1214570249192
GGGGATTTCCA,pD5S43,6.63937681355886,MDA_453,7.10257906128859,8.0387869129481,5.23652398177155,8.52363654136639,9.05297285150638,6.20805802594694,6.19501467074339,3.80581874159681,8.28480847384145,9.3148320802477,5.66637681150319,5.89879071856426,4.0569321283682,6.67954197146716,7.07936427325673,7.04973960264863,3.84214046598309,3.40676627360328,7.1047663395204,5.58012927458928
GGGGATTTCCA,pD5S43,15.1545969501712,MCF_10A,2.75605015078562,15.014343449608,16.5426858972476,18.3036244193047,18.4452076798236,3.48862535889564,15.2624461191966,17.4637222580138,17.9302441357309,18.2605570489407,2.78242885554392,12.2798533754732,15.9529682904086,18.5719915479077,19.5626579931859,3.30746564491696,12.4341148755589,16.505713504443,19.1748696268306,19.7723325665065
GGGGGATTTCCC,pD5S82,5.58074839517176,MDA_453,6.22966004047666,4.42287866638435,4.63390451684806,0,0,3.95374000723097,0,0,0,0,6.20985081567964,3.47192602371359,4.51278734425491,0,0,6.41253880705883,2.71348169299686,3.89752788165964,0,0
GGGGGATTTCCC,pD5S82,13.7353788182446,MCF_10A,6.46660174806424,15.2068463877958,15.0599160005853,13.7004838015852,12.0223093701379,1.29906530781696,15.4316431377338,15.9728931831316,13.3226477097631,11.477261452094,1.85334752177961,15.871116473632,15.8371923078648,13.1422589341894,12.0738819913135,1.0789730862015,16.2447078072762,16.2555529411993,13.9935536846015,11.6299504795569
GGTAATTAA,pD5S28,4.52418909279994,MCF_10A,5.96156760193771,0,0,0,0,3.59708715259166,0,0,0,0,9.50034775787666,0,0,2.75501689409222,0,6.92069154416879,0,0,0,0
GGTAATTAA,pD5S28,4.56803206300821,MDA_453,2.69704479683135,0,0,0,0,5.33658863018546,3.95729794601692,0,0,0,9.71170437199665,4.00063916122923,0,0,0,9.49543467560533,5.10241284827602,2.40525213849907,0,1.87834896113003
GGTACAATCTGTTCTG,pD5S83,5.62293031518352,MDA_453,6.08417172231074,0,3.90383099255629,0,0,6.16316870371255,0,0,0,0,9.52500341986068,0,0,0,0,8.44363008916221,0.24525332529388,3.99223313309546,0,0
GGTACAATCTGTTCTG,pD5S83,7.29645737936389,MCF_10A,4.02450208116946,8.19794835471526,0,0,0,5.52322876753583,8.22712110754858,0,7.34079221410711,0,0,9.7068204942132,8.64425460219323,3.64399593255646,7.57927364701277,6.08218972233038,9.53135149358655,5.93729023753765,0,0
GTAAACA,pD5S29,4.43229134844407,MDA_453,0,0,0,0,0,0,0,0,0,0,8.68849324284136,0,0,0,0,9.00374253492421,0,0,0,0
GTAAACA,pD5S29,4.52418909279994,MCF_10A,5.17778790457867,0,0,0,0,5.22948609754802,2.41365375062416,0,0,0,6.00841464282783,0,0,0,0,0,0,0,0,0
GTAGCAACCA,pD5S30,4.76924271845153,MCF_10A,0,0,0,0,0,0,0,0,0,0,7.40010606234762,0,0,0,0,6.09398637151607,0,0,0,0
GTAGCAACCA,pD5S30,5.0107798285111,MDA_453,0,0,0,0,0,5.03157285991446,0,0,0,0,6.00142088160076,0,2.98412894433317,0,0,6.2242463776265,0,3.22369769644054,0,0
GTATTGACAGCTCCTT,pD5S84,5.0107798285111,MDA_453,7.40062007613719,4.45958173352727,0,0,0,5.70558583506515,5.53028600350838,3.66998802557676,0,0,0,2.42376610891426,0,0,0,7.12624923014037,0,2.65727560164562,0,0
GTATTGACAGCTCCTT,pD5S84,5.10307790176299,MCF_10A,7.81957214618956,12.307202638632,5.11604010630018,0,0,5.67942031484834,12.565223133572,8.64801038231739,6.19416305498568,0,8.6931853595874,12.3110980926921,13.2890769234345,10.8328440732115,10.1275891928739,0.63808859573986,13.0626277968929,13.4784634847777,12.0714638463025,10.4099337518542
GTCATTTTGGCCG,pD5S65,5.44625617939924,MCF_10A,0,0,0,0,0,5.85716163564477,0,0,0,0,6.52065525786635,0,0,0,0,5.78025219762194,0,0,0,0
GTCATTTTGGCCG,pD5S65,7.22978007873688,MDA_453,6.85166882606477,6.17034370690288,5.57998347307296,9.61798796659934,10.9344774655006,6.19919120471431,4.65662594617577,5.03713796841465,9.35328447036337,10.2899148053865,0,0.3480694223827,5.29280077467096,7.29792471437959,9.72477971210729,0,0.24525332529388,2.76849536301336,7.35803451344269,9.7861391828795
GTGAAAGT,pD5S66,4.80632403378698,MCF_10A,4.44679457221951,0,0,0,0,6.66942213889664,0,0,0,0,7.47618924243292,0,0,0,0,6.63603100547149,0,0,0,0
GTGAAAGT,pD5S66,5.16148452177611,MDA_453,5.63450354782067,4.81156860976565,5.94960147191387,6.09311967364063,7.8987706951316,7.19381072088765,5.43925623955486,3.22920095049469,4.28979757270244,7.83033978109833,9.80744018041138,6.48229012232142,3.74089423908454,6.94529410129318,10.425102613154,9.0568337342641,6.62429927563857,3.26221705643846,6.25130139239579,9.45033930849655
GTGCGTACGTGGG,pD5S44,11.2861880096381,MCF_10A,3.94379053294677,12.6413986110346,10.8141696289305,0,2.67515819549675,7.47602617266733,12.8936828997502,11.9106783506398,7.4364332401934,0,3.67357830476835,14.231114422139,13.412012209293,7.48598035504998,8.16171937889859,4.76258791183213,14.8708760319001,13.6741055809472,8.53445635797485,9.72630011053821
GTGCGTACGTGGG,pD5S44,11.8585987668541,MDA_453,5.90594688111229,9.2157538581526,9.08195274381273,10.0151221961747,12.2024078829324,0,9.39741574498342,9.18793389020545,9.67937088959598,11.8669819067191,1.07475855910767,9.1518124483483,8.45976332453633,9.23422244131572,10.4436679829749,1.38047264261615,9.36170613826564,8.95990908215503,9.63654474827518,9.77516384570041
GTTGTCACGTGCCCGC,pD5S67,8.44666976206909,MCF_10A,0,0,0,0,0,5.82778127429941,0,0,0,0,8.12916926744929,0,0,0,0,6.44660722608118,3.37214917534403,0,0,0
GTTGTCACGTGCCCGC,pD5S67,9.9667649733305,MDA_453,0,7.66736142468673,7.37637450686689,8.91435881219286,8.77300362045487,0,6.6308156883477,6.65979526371124,8.42773499504287,9.00650085787574,8.6807347940374,7.57879353033864,5.78681464775258,9.18368191936374,11.613648131231,2.8902805392115,7.90823310934456,6.81023425388861,9.25516748097411,11.4404795148777
TAACCAATATAACCAATTAATAACC,pD5S31,4.38404974880867,MCF_10A,0,0,0,0,0,0,0,0,0,0,6.18721050561992,0,0,0,0,4.00172838122878,0,0,0,0
TAACCAATATAACCAATTAATAACC,pD5S31,4.65191270961988,MDA_453,0,0,0,0,0,6.82447526592874,0,0,0,0,6.9127445751967,0,0,0,0,5.81562691296993,5.65220063881144,1.59562303002275,0,0
TAAGAACAATGGGA,pD5S85,4.1151997430341,MDA_453,5.92234903654016,0,0,1.12441117636599,0,5.54689921782496,0,0,0,0,6.29362553979082,1.5410158239542,0,0,0,6.52984563970699,0,0,0,0
TAAGAACAATGGGA,pD5S85,4.69209229026788,MCF_10A,0,0,0,0,0,0,0,0,0,0,0,0,7.06648562099726,0,9.60698437200667,0.63808859573986,2.50515870490524,8.52234354151837,0,8.43151457137533
TCACGTGGTT,pD5S45,6.14118740648366,MCF_10A,6.38488656454277,10.6038301199424,14.0462782979675,17.6532484484209,18.0741556511242,7.71942763134625,9.94179007701629,15.0610984799322,17.2653103942529,17.7486357202585,9.42830012130634,12.0068404857476,9.46580827392209,10.3827758064912,9.68199198094757,7.30256572049432,12.3461347903908,12.0119339030022,11.0104276016361,10.2669573553423
TCACGTGGTT,pD5S45,6.25285452203111,MDA_453,3.03539482573458,3.29910823147874,3.47687525541229,7.91734581395108,7.42948523690304,6.10739021024301,5.63947051509006,5.22658778843294,8.23568830857852,7.32681607235366,8.7266717161935,4.76522674163764,6.28104626329751,7.34850774950195,8.71006154217156,4.90031895436803,5.9403567655403,5.9464384924435,8.35363080963736,8.79431022096547
TCGCGTGAT,pD5S46,9.11027444755448,MCF_10A,0,12.4702032426158,9.25751741256052,3.51347658184803,8.41103003957693,3.8807368784689,12.5507259684053,9.75361022325244,2.71267801089941,9.39575744598192,0,13.5435957490214,11.7881920063786,9.66504337586544,10.2802298870275,5.76557527777917,13.7522235959136,11.8006696364923,8.65966296410898,9.59095286983803
TCGCGTGAT,pD5S46,9.61494905565962,MDA_453,4.00746341203094,7.30849530082711,8.21333586065063,10.8029443099585,11.1354290889581,0.539006726091272,6.73290483548548,8.11394063701704,10.9663512285584,10.7837429454095,0,8.32055698419978,8.51101905310137,9.16100122183198,10.1983268687216,6.80276216455223,8.33314206277649,8.15417685885677,9.78098124713882,10.2111208414202
TCTCACGCTAGCCGGGGG,pD5S86,5.18982455888002,MDA_453,5.00873598245386,0,0,0,0,6.51718693499517,2.81876188412638,2.94523077825632,0,0,8.44460095171618,0,0,0,0,0,0,0,0,0
TCTCACGCTAGCCGGGGG,pD5S86,5.51506899959066,MCF_10A,4.46136480305922,0,2.53889976829511,0,0,6.53952683573649,0,0,0,0,7.59307854008284,0,7.64785584546308,0,5.76834938539623,4.18936942780224,2.50515870490524,0,6.67032577208424,0
TCTGATTGGTTAGT,pD5S47,10.2400995334025,MCF_10A,4.47578935459169,12.0739072471781,9.31313755703794,0,7.52482354356762,5.35836171773501,12.4549936902599,9.34178006353137,4.84683768414496,8.39789761241782,3.67357830476835,12.4752561852646,13.3376620994693,9.28092241962968,0,8.60464074200435,13.0363631702954,13.8522494684915,9.59655524455743,4.20979986323273
TCTGATTGGTTAGT,pD5S47,11.436409607285,MDA_453,6.54773805880971,7.6712785015107,8.69356070625179,10.5941232646506,10.5308704896478,6.42892462429442,7.23624711010448,8.84838473815009,10.3737833362811,9.59915577011771,0,6.05496748254244,6.76888420361107,8.83370608979605,10.1152442211388,7.72153182207793,7.16859169374711,7.28498516681052,8.22727865014226,9.94343599946881
TGACCTTTTGACCCT,pD5S68,4.76924271845153,MDA_453,5.47686714954785,3.77735784201744,0.630194295666667,8.83456091740884,8.62220380388425,5.87104081745794,4.92933760894136,3.92995413405321,8.10198944063245,7.67578169460205,3.59259999350609,4.94210739710947,1.29587450755831,3.97138190717713,5.52990926996657,8.45685841480679,3.55427586188335,4.10249020638424,6.15174418545525,9.37673771948723
TGACCTTTTGACCCT,pD5S68,5.32373031003848,MCF_10A,4.62561283522493,0,0,0,0,4.67466744235629,2.41365375062416,0,0,0,6.65766351142679,0,0,0,0,6.02171469774515,0,0,0,0
TGAGTCA,pD5S48,7.32867492732795,MDA_453,8.02511699056979,6.88135040826986,6.78503780980619,8.61331629066315,9.33916052832033,6.29385199801486,6.79715966367929,5.56970489664356,6.8119461851461,8.24745525599268,7.78899583221283,5.73106186372472,5.9986445681685,7.77561994513989,9.76167162539971,0,6.22756880978487,5.43344255732132,7.58108492258719,10.4382180795799
TGAGTCA,pD5S48,11.232921502835,MCF_10A,5.02922893701344,14.6181503515144,12.8656499472342,12.8181791698521,11.9495065406397,6.74994539939918,14.5852538427616,14.0364038264675,12.3810450289594,12.2099802614233,0.725387001609383,12.4332744295323,14.3832156405285,15.6989786216269,14.8551365987623,7.12996792913523,12.5511656529783,14.6704420578154,16.1896564565196,15.1205028911166
TGCTGACTCAGC,pD5S20,5.44757917637127,MCF_10A,6.09369533623811,10.657094722101,5.61807899617874,3.51347658184803,9.04694545032285,6.68997820566959,10.4590951060996,5.2894601736046,2.71267801089941,8.3733093004301,9.57639467776159,0,0,0,0,4.98160726542437,0,2.59051618745809,4.54914432037975,2.77290220051964
TGCTGACTCAGC,pD5S20,13.8816407011658,MDA_453,0.425239225406553,8.11410443681722,8.49211548736785,11.9786564929958,13.6267547794181,5.62842323320714,7.84739635303647,8.7493534938947,11.7810257174323,13.1530492602492,8.22213511730692,6.45113543325027,8.48488646850073,10.872465544142,13.3671599671598,0.849413465642023,7.61560630658143,7.28965441939388,11.1725213056254,13.1416284385306
TGCTGAGTCAGCA,pD5S12,5.07895130883006,MCF_10A,5.62226174714386,2.37314659015028,2.53889976829511,8.49379994943551,6.25586369900279,4.44240319000414,0,0,6.39798439038366,7.80284853140135,5.15490867696345,6.77968441641726,8.1153415479628,0,0,0,0,8.50249847859682,2.72309331767161,2.77290220051964
TGCTGAGTCAGCA,pD5S12,14.1239298029097,MDA_453,1.02033181905618,6.22466464643916,8.0589123281665,12.7587846992795,14.4598553831923,0.539006726091272,6.76538994313786,8.32274908749177,12.0346088001089,14.0856852316547,0,5.32259281667678,7.45938857550968,10.7130686415178,13.6700456539693,0,7.66912503781385,8.20943253617779,10.3564810450041,13.5408905476967
TGGGCGTGG,pD5S49,9.49302479299818,MCF_10A,5.75236841845511,13.6900184451476,12.5509598484959,11.5315024074268,10.0007699016299,6.6569464260834,13.6617437856478,13.3250352289609,10.9092625365669,10.3449707378909,7.31387406867273,14.1872330373123,16.459365427731,14.2597664369037,12.0897105422954,8.37736016587217,14.7845698987375,17.0149372279117,14.8530834426454,12.7297745580061
TGGGCGTGG,pD5S49,11.075465765701,MDA_453,7.52933838617193,5.48099707761401,7.13629623505559,10.6481692849684,12.2259973014971,8.59931012087685,6.71638379954741,7.84889249733242,10.6275679824624,11.6433136890491,8.73043457833453,7.64715525002202,8.07411502825117,10.8330416510525,13.228266706999,8.35808609743134,6.84033029423882,8.29784042557059,11.2343587566481,13.0918547675141
TGTCA,pD5S69,4.73118321256308,MCF_10A,4.20849298571624,0,0,0,0,0,0,0,0,0,6.99716539226778,0,0,0,0,7.0951742403017,0,0,0,0
TGTCA,pD5S69,4.8777442312298,MDA_453,7.57154727522408,5.98764320648599,2.42819262796553,8.87138069642801,10.4763745057475,6.35100960620765,6.54609670389442,0,7.49821220233333,9.948829913671,6.42945618830057,4.46008239835911,0.447647372817905,8.25304972583456,9.72244234150574,6.17706816644254,6.44567556035844,5.66669716595909,6.75728148513527,9.99543082915516
TTATGTAACGT,pD5S70,5.66391375527661,MCF_10A,5.09611308250055,0,0,0,0,0,0,0,0,0,7.46556280377564,0,0,0,0,7.4149904899475,2.50515870490524,0,0,0
TTATGTAACGT,pD5S70,10.8283308413908,MDA_453,6.24929622155791,5.04684574057616,6.98543213540489,10.2131359556501,9.07758886809791,6.01945789693689,4.37722903904154,6.74677027210658,9.90209505177946,8.77481711117763,0,4.80801234087604,6.57881430182704,9.13574437128032,9.25720649522175,6.6840412130191,6.54062462305214,6.9902497527214,8.38026722039265,7.74901969330939
TTGCGTCAT,pD5S71,6.30560576175511,MCF_10A,4.29237719966467,0,0,0,0,4.32113605488586,0,0,0,0,8.03528097565956,0,0,0,0,7.10686562096187,0,0,0,0
TTGCGTCAT,pD5S71,6.5104872414937,MDA_453,6.34365767489889,6.63487121620831,5.57169929550918,8.73817773688338,9.91486760292087,7.11585969968267,6.57692771672044,6.68350606882598,8.15579142764162,8.80496345824304,0,5.09965096884764,4.6233951157151,6.55915002824713,7.99875727539128,6.2242463776265,4.65960582343679,4.18500427318523,7.20750410818339,8.41894441974578
TTGCTGAGTCAGCAA,pD5S72,4.91217074080544,MCF_10A,4.11942865671982,0,0,0,0,1.60642882380207,0,0,0,0,6.66696941725142,0,0,0,0,6.3613266482346,2.50515870490524,0,0,0
TTGCTGAGTCAGCAA,pD5S72,12.2979507984354,MDA_453,6.39744737909192,6.20858203792157,7.25487025837544,9.97169681281777,10.3682906748176,0.539006726091272,6.43605082665194,7.3121167627777,10.1372084949456,8.65580209932217,8.11106269196558,6.62472256035026,7.20215721122168,7.94702448158126,9.14649293737383,0,5.81775021990854,5.86117536339431,8.14164389249448,10.0583478916773
TTGGAAATCCCCT,pD5S50,7.54156128241826,MDA_453,5.37329417692698,7.57001204350519,4.68087590779928,2.5161417396195,0,6.46635894611666,6.0265567029423,6.40556431116892,7.98135730557836,7.28464903022732,4.72500485920686,0,2.21354775855029,5.91109001007639,7.75526069153113,7.60753685362314,5.18556800343331,4.22455648572825,4.90466070456006,8.60399125033278
TTGGAAATCCCCT,pD5S50,15.7898185771205,MCF_10A,2.70798384828676,12.6905838656426,14.8261394179399,17.8714666573128,18.4021080665257,6.60593590961899,12.525529651325,15.6041644921983,17.6609336204024,18.2712277499613,0.725387001609383,15.1504175760568,15.7273175474739,14.8966262086811,14.3014023294581,1.68932764785172,15.5754834354408,16.2780700921825,15.6870920593305,14.4247184919939
TTGGCACGGTGCCAA,pD5S6,5.74092754796984,MCF_10A,0,0,0,0,0,0,0,0,0,0,7.29599145065244,0,0,0,0,8.0235875889344,0,0,0,0
TTGGCACGGTGCCAA,pD5S6,7.84924864548658,MDA_453,5.02401612861698,4.64628331539113,0,6.52151662013395,8.67961164091829,4.35598800857325,3.62102311459006,4.2488073920741,0,6.64997976810027,0,2.96742771383781,4.98004420511582,2.81702362598211,4.23321124441651,8.28580022069517,4.34136611573635,4.5388330403698,0,0
TTTTATGGGC,pD5S51,5.74254515574468,MCF_10A,6.39630584764641,8.78127226077233,2.53889976829511,4.05570167392123,8.26708620890851,6.51669334437818,8.54390935917782,3.39608590183414,9.28355569824468,7.42627383297186,7.04791089134737,5.79275567069686,0,0,6.17675455294693,7.37203543435478,0,0,0,7.9428793114771
TTTTATGGGC,pD5S51,8.89908489456029,MDA_453,7.29120750285302,7.65949522003735,7.20753445924666,10.2471550890015,11.7289454177662,7.41287856542285,6.81278596658964,7.24597778314226,10.5868009329989,10.9208279708906,10.2358184952479,6.96436059266105,7.28189424339883,8.06806292294587,7.86952016244575,0,8.32566219085267,6.91064576547201,8.52455896008594,8.17356784546411
